"id_str","time_UTC","time_East_US","local_hour","afinn_score","bing_positive","bing_negative","bing_nett"
554792193526071296,2015-01-13 00:09:01,2015-01-12 19:09:01,19,-1,NA,NA,NA
554806427341299712,2015-01-13 01:05:34,2015-01-12 20:05:34,20,3,1,0,1
554812468829376512,2015-01-13 01:29:35,2015-01-12 20:29:35,20,0,NA,NA,NA
554816610712956928,2015-01-13 01:46:02,2015-01-12 20:46:02,20,-2,NA,NA,NA
554820095776927744,2015-01-13 01:59:53,2015-01-12 20:59:53,20,-2,NA,NA,NA
554829408448831488,2015-01-13 02:36:53,2015-01-12 21:36:53,21,3,1,0,1
554835235876384768,2015-01-13 03:00:03,2015-01-12 22:00:03,22,3,1,0,1
559463115235295232,2015-01-25 21:29:35,2015-01-25 16:29:35,16,-2,0,1,-1
562414915625832448,2015-02-03 00:58:59,2015-02-02 19:58:59,19,3,2,0,2
585088423834312704,2015-04-06 14:35:25,2015-04-06 10:35:25,10,0,1,3,-2
586261637595791360,2015-04-09 20:17:21,2015-04-09 16:17:21,16,4,3,0,3
615302294847029248,2015-06-28 23:34:33,2015-06-28 19:34:33,19,-1.16666666666667,0,2,-2
615328534215696384,2015-06-29 01:18:49,2015-06-28 21:18:49,21,1.5,2,0,2
617112173186314240,2015-07-03 23:26:22,2015-07-03 19:26:22,19,-0.5,1,2,-1
617112869302366208,2015-07-03 23:29:08,2015-07-03 19:29:08,19,1.33333333333333,2,0,2
620034067644481536,2015-07-12 00:56:56,2015-07-11 20:56:56,20,-0.5,1,1,0
620337666912059392,2015-07-12 21:03:19,2015-07-12 17:03:19,17,-1,0,2,-2
620339062055010304,2015-07-12 21:08:52,2015-07-12 17:08:52,17,-1,1,3,-2
620388576765870080,2015-07-13 00:25:37,2015-07-12 20:25:37,20,-2,0,1,-1
622082571816538112,2015-07-17 16:36:57,2015-07-17 12:36:57,12,1,NA,NA,NA
626587420843229184,2015-07-30 02:57:37,2015-07-29 22:57:37,22,NA,2,0,2
626587800574521344,2015-07-30 02:59:07,2015-07-29 22:59:07,22,3,1,0,1
626904854900928512,2015-07-30 23:58:59,2015-07-30 19:58:59,19,2,1,0,1
626905352508981248,2015-07-31 00:00:58,2015-07-30 20:00:58,20,2,1,0,1
629509392468209664,2015-08-07 04:28:29,2015-08-07 00:28:29,0,3,3,0,3
629518315711500288,2015-08-07 05:03:57,2015-08-07 01:03:57,1,2.33333333333333,3,0,3
629520356487864320,2015-08-07 05:12:03,2015-08-07 01:12:03,1,0,2,1,1
629649968693968896,2015-08-07 13:47:05,2015-08-07 09:47:05,9,-2,1,0,1
630007166129303552,2015-08-08 13:26:28,2015-08-08 09:26:28,9,-0.6,1,3,-2
634188984097337344,2015-08-20 02:23:31,2015-08-19 22:23:31,22,2.5,2,0,2
634191811930628096,2015-08-20 02:34:45,2015-08-19 22:34:45,22,2.5,2,0,2
634939783257661440,2015-08-22 04:06:55,2015-08-22 00:06:55,0,2.75,4,0,4
636252027878789120,2015-08-25 19:01:19,2015-08-25 15:01:19,15,1,2,1,1
636263744247623680,2015-08-25 19:47:52,2015-08-25 15:47:52,15,2.5,2,0,2
641277106052300800,2015-09-08 15:49:11,2015-09-08 11:49:11,11,3,3,0,3
642449487768776704,2015-09-11 21:27:48,2015-09-11 17:27:48,17,2,1,0,1
642455022647812096,2015-09-11 21:49:48,2015-09-11 17:49:48,17,2.66666666666667,3,0,3
642464897889095680,2015-09-11 22:29:02,2015-09-11 18:29:02,18,4,1,0,1
642725315777798144,2015-09-12 15:43:51,2015-09-12 11:43:51,11,2.5,3,0,3
642727277755805696,2015-09-12 15:51:38,2015-09-12 11:51:38,11,-1,0,1,-1
642729073211523072,2015-09-12 15:58:47,2015-09-12 11:58:47,11,1,1,0,1
642788749030608896,2015-09-12 19:55:54,2015-09-12 15:55:54,15,0.5,1,0,1
642788935530344448,2015-09-12 19:56:39,2015-09-12 15:56:39,15,NA,2,0,2
642802749420216320,2015-09-12 20:51:32,2015-09-12 16:51:32,16,1,1,1,0
644356882174476288,2015-09-17 03:47:06,2015-09-16 23:47:06,23,4,1,0,1
644358678431334400,2015-09-17 03:54:15,2015-09-16 23:54:15,23,4,2,0,2
645415231028641792,2015-09-20 01:52:36,2015-09-19 21:52:36,21,2,4,0,4
646007796593467392,2015-09-21 17:07:15,2015-09-21 13:07:15,13,NA,1,0,1
646015739233705984,2015-09-21 17:38:49,2015-09-21 13:38:49,13,3,1,0,1
646857054691414016,2015-09-24 01:21:54,2015-09-23 21:21:54,21,-1,1,2,-1
646857325240827904,2015-09-24 01:22:59,2015-09-23 21:22:59,21,-1.5,0,2,-2
647163962337964032,2015-09-24 21:41:27,2015-09-24 17:41:27,17,0,0,1,-1
647164207327236096,2015-09-24 21:42:25,2015-09-24 17:42:25,17,-2.33333333333333,0,3,-3
647457058468589568,2015-09-25 17:06:06,2015-09-25 13:06:06,13,3,1,0,1
647483602058481664,2015-09-25 18:51:35,2015-09-25 14:51:35,14,-1.33333333333333,0,2,-2
647490499423674368,2015-09-25 19:18:59,2015-09-25 15:18:59,15,-1.33333333333333,0,2,-2
647490626406191104,2015-09-25 19:19:29,2015-09-25 15:19:29,15,-3,0,1,-1
647541233137647616,2015-09-25 22:40:35,2015-09-25 18:40:35,18,2.25,3,0,3
647573199627141120,2015-09-26 00:47:36,2015-09-25 20:47:36,20,2,1,0,1
647573288970006528,2015-09-26 00:47:58,2015-09-25 20:47:58,20,4,1,0,1
648618323144540160,2015-09-28 22:00:33,2015-09-28 18:00:33,18,3.5,2,0,2
650071739356041216,2015-10-02 22:15:55,2015-10-02 18:15:55,18,2.33333333333333,3,0,3
650075854400303104,2015-10-02 22:32:16,2015-10-02 18:32:16,18,3.5,2,0,2
650432676097302528,2015-10-03 22:10:09,2015-10-03 18:10:09,18,3.33333333333333,3,0,3
650433218383081472,2015-10-03 22:12:18,2015-10-03 18:12:18,18,2,1,0,1
650433358472847360,2015-10-03 22:12:51,2015-10-03 18:12:51,18,2,1,0,1
651841923670536192,2015-10-07 19:29:59,2015-10-07 15:29:59,15,3,3,0,3
652241959860477952,2015-10-08 21:59:35,2015-10-08 17:59:35,17,-1,1,0,1
652242093881040896,2015-10-08 22:00:07,2015-10-08 18:00:07,18,2.66666666666667,3,0,3
652269674202288128,2015-10-08 23:49:43,2015-10-08 19:49:43,19,-0.666666666666667,3,3,0
652918158672678912,2015-10-10 18:46:34,2015-10-10 14:46:34,14,2,NA,NA,NA
652919499885268992,2015-10-10 18:51:54,2015-10-10 14:51:54,14,2.5,2,0,2
652924225217515520,2015-10-10 19:10:40,2015-10-10 15:10:40,15,3.5,3,0,3
652924367492485120,2015-10-10 19:11:14,2015-10-10 15:11:14,15,3,2,0,2
652924519913529344,2015-10-10 19:11:50,2015-10-10 15:11:50,15,2,1,0,1
652925150942392320,2015-10-10 19:14:21,2015-10-10 15:14:21,15,3,2,0,2
652926140148006912,2015-10-10 19:18:17,2015-10-10 15:18:17,15,NA,1,0,1
653687642706583552,2015-10-12 21:44:13,2015-10-12 17:44:13,17,2,1,0,1
655133186725408768,2015-10-16 21:28:18,2015-10-16 17:28:18,17,3,1,0,1
655188360449925120,2015-10-17 01:07:32,2015-10-16 21:07:32,21,2,2,0,2
655193907031056384,2015-10-17 01:29:35,2015-10-16 21:29:35,21,-1.33333333333333,0,1,-1
655194304479109120,2015-10-17 01:31:09,2015-10-16 21:31:09,21,1.5,1,0,1
655393558984290304,2015-10-17 14:42:55,2015-10-17 10:42:55,10,2.33333333333333,3,0,3
655394746630844416,2015-10-17 14:47:38,2015-10-17 10:47:38,10,-1,NA,NA,NA
655413356694761472,2015-10-17 16:01:35,2015-10-17 12:01:35,12,NA,1,0,1
655502231719006208,2015-10-17 21:54:45,2015-10-17 17:54:45,17,NA,1,0,1
655502360744185856,2015-10-17 21:55:16,2015-10-17 17:55:16,17,3,2,0,2
655579595949871104,2015-10-18 03:02:10,2015-10-17 23:02:10,23,3,2,0,2
656258688970264576,2015-10-20 00:00:38,2015-10-19 20:00:38,20,2,NA,NA,NA
658005071188348928,2015-10-24 19:40:08,2015-10-24 15:40:08,15,2.5,2,0,2
658005322708164608,2015-10-24 19:41:08,2015-10-24 15:41:08,15,3.5,2,0,2
658020812620984320,2015-10-24 20:42:41,2015-10-24 16:42:41,16,-3,1,2,-1
658020994506997760,2015-10-24 20:43:25,2015-10-24 16:43:25,16,NA,1,0,1
658021218847715328,2015-10-24 20:44:18,2015-10-24 16:44:18,16,-2,0,1,-1
658425734424363008,2015-10-25 23:31:42,2015-10-25 19:31:42,19,NA,1,0,1
659124101014007808,2015-10-27 21:46:46,2015-10-27 17:46:46,17,4,1,0,1
659199556744118272,2015-10-28 02:46:36,2015-10-27 22:46:36,22,3,2,0,2
659203832128274432,2015-10-28 03:03:35,2015-10-27 23:03:35,23,2.5,2,0,2
659427188110856192,2015-10-28 17:51:07,2015-10-28 13:51:07,13,2,NA,NA,NA
659571636820013056,2015-10-29 03:25:07,2015-10-28 23:25:07,23,2,1,0,1
659572294696603648,2015-10-29 03:27:43,2015-10-28 23:27:43,23,3,2,0,2
659573618502795264,2015-10-29 03:32:59,2015-10-28 23:32:59,23,2.5,1,0,1
659579319166091264,2015-10-29 03:55:38,2015-10-28 23:55:38,23,2,2,0,2
659608940200779776,2015-10-29 05:53:20,2015-10-29 01:53:20,1,2.66666666666667,3,0,3
659610110940086272,2015-10-29 05:58:00,2015-10-29 01:58:00,1,2.5,2,0,2
659743857127456768,2015-10-29 14:49:27,2015-10-29 10:49:27,10,2,1,0,1
659751822375018496,2015-10-29 15:21:06,2015-10-29 11:21:06,11,3,2,0,2
659753771791024128,2015-10-29 15:28:51,2015-10-29 11:28:51,11,3,1,0,1
659827285852225536,2015-10-29 20:20:58,2015-10-29 16:20:58,16,2,2,0,2
659827931099754496,2015-10-29 20:23:32,2015-10-29 16:23:32,16,2,1,0,1
659912445922844672,2015-10-30 01:59:22,2015-10-29 21:59:22,21,1,NA,NA,NA
660534094493782016,2015-10-31 19:09:34,2015-10-31 15:09:34,15,3,1,0,1
660534676851974144,2015-10-31 19:11:53,2015-10-31 15:11:53,15,3,2,0,2
660645187874590720,2015-11-01 02:31:01,2015-10-31 22:31:01,22,-2,1,2,-1
660888538473439232,2015-11-01 18:38:00,2015-11-01 13:38:00,13,-0.5,0,2,-2
661541465714253824,2015-11-03 13:52:30,2015-11-03 08:52:30,8,-0.5,0,2,-2
661782872798416896,2015-11-04 05:51:46,2015-11-04 00:51:46,0,1.03754266211604,614,812,-198
698115252844634112,2016-02-12 12:03:41,2016-02-12 07:03:41,7,-2,0,2,-2
698210486437937152,2016-02-12 18:22:06,2016-02-12 13:22:06,13,0.5,1,1,0
698210543467896832,2016-02-12 18:22:20,2016-02-12 13:22:20,13,-2,0,3,-3
698231571594276864,2016-02-12 19:45:53,2016-02-12 14:45:53,14,0,1,3,-2
698334356079833088,2016-02-13 02:34:19,2016-02-12 21:34:19,21,-1,0,1,-1
698336821349117952,2016-02-13 02:44:07,2016-02-12 21:44:07,21,-2,0,1,-1
698338315205013504,2016-02-13 02:50:03,2016-02-12 21:50:03,21,NA,0,1,-1
698522430847983616,2016-02-13 15:01:40,2016-02-13 10:01:40,10,-2,0,1,-1
698546455309611008,2016-02-13 16:37:07,2016-02-13 11:37:07,11,NA,1,1,0
698546735652716544,2016-02-13 16:38:14,2016-02-13 11:38:14,11,-1,NA,NA,NA
698557567254056960,2016-02-13 17:21:17,2016-02-13 12:21:17,12,-1,NA,NA,NA
698557683838947328,2016-02-13 17:21:45,2016-02-13 12:21:45,12,2,3,0,3
698658112031604736,2016-02-14 00:00:49,2016-02-13 19:00:49,19,1.66666666666667,5,1,4
698660826463539200,2016-02-14 00:11:36,2016-02-13 19:11:36,19,-2.5,0,3,-3
698661220258357248,2016-02-14 00:13:10,2016-02-13 19:13:10,19,-3,0,2,-2
698677500491075584,2016-02-14 01:17:51,2016-02-13 20:17:51,20,4,1,0,1
698739578002403328,2016-02-14 05:24:32,2016-02-14 00:24:32,0,NA,1,1,0
698740358688194560,2016-02-14 05:27:38,2016-02-14 00:27:38,0,0,1,1,0
698751641873444864,2016-02-14 06:12:28,2016-02-14 01:12:28,1,0,1,2,-1
698755140602499072,2016-02-14 06:26:22,2016-02-14 01:26:22,1,2,1,0,1
698882048069652480,2016-02-14 14:50:39,2016-02-14 09:50:39,9,-3,0,1,-1
698882145297764352,2016-02-14 14:51:02,2016-02-14 09:51:02,9,2,1,0,1
698921597466472448,2016-02-14 17:27:48,2016-02-14 12:27:48,12,2.33333333333333,3,0,3
699283203027292160,2016-02-15 17:24:42,2016-02-15 12:24:42,12,-1,2,2,0
699283248506105856,2016-02-15 17:24:53,2016-02-15 12:24:53,12,2,2,1,1
699284455282884608,2016-02-15 17:29:40,2016-02-15 12:29:40,12,-2,1,2,-1
699328126631870464,2016-02-15 20:23:12,2016-02-15 15:23:12,15,NA,0,1,-1
699341413448871936,2016-02-15 21:16:00,2016-02-15 16:16:00,16,2,2,0,2
699441442041815040,2016-02-16 03:53:29,2016-02-15 22:53:29,22,2.33333333333333,2,0,2
699447731606130688,2016-02-16 04:18:28,2016-02-15 23:18:28,23,2,1,0,1
699573221633425408,2016-02-16 12:37:08,2016-02-16 07:37:08,7,2,1,0,1
699654401481449472,2016-02-16 17:59:42,2016-02-16 12:59:42,12,3.5,2,0,2
699659811420553216,2016-02-16 18:21:12,2016-02-16 13:21:12,13,2,1,0,1
699702258792034304,2016-02-16 21:09:52,2016-02-16 16:09:52,16,0,1,0,1
699728584575946752,2016-02-16 22:54:29,2016-02-16 17:54:29,17,2,1,0,1
699733970158800896,2016-02-16 23:15:53,2016-02-16 18:15:53,18,2,1,0,1
699966498819940352,2016-02-17 14:39:52,2016-02-17 09:39:52,9,-2.5,0,2,-2
699966633918525440,2016-02-17 14:40:24,2016-02-17 09:40:24,9,-1,NA,NA,NA
699989306333650944,2016-02-17 16:10:30,2016-02-17 11:10:30,11,-3,0,1,-1
699989532180135936,2016-02-17 16:11:24,2016-02-17 11:11:24,11,1,1,0,1
699994606264586240,2016-02-17 16:31:34,2016-02-17 11:31:34,11,2,1,0,1
699995449718153216,2016-02-17 16:34:55,2016-02-17 11:34:55,11,2,1,0,1
700096775454138368,2016-02-17 23:17:33,2016-02-17 18:17:33,18,1,NA,NA,NA
700306531720499200,2016-02-18 13:11:02,2016-02-18 08:11:02,8,2,1,0,1
700311461734850560,2016-02-18 13:30:38,2016-02-18 08:30:38,8,2.5,2,0,2
700413065595113472,2016-02-18 20:14:22,2016-02-18 15:14:22,15,1,NA,NA,NA
700413494580084736,2016-02-18 20:16:04,2016-02-18 15:16:04,15,1,NA,NA,NA
700471960526987264,2016-02-19 00:08:24,2016-02-18 19:08:24,19,2,2,0,2
700472856350691328,2016-02-19 00:11:57,2016-02-18 19:11:57,19,2,1,0,1
700754883125886976,2016-02-19 18:52:38,2016-02-19 13:52:38,13,2,1,0,1
700779018405150720,2016-02-19 20:28:32,2016-02-19 15:28:32,15,NA,1,0,1
700779139985440768,2016-02-19 20:29:01,2016-02-19 15:29:01,15,2,1,0,1
700779226715316224,2016-02-19 20:29:22,2016-02-19 15:29:22,15,1.5,2,0,2
700779318260195328,2016-02-19 20:29:43,2016-02-19 15:29:43,15,1.66666666666667,2,0,2
700779489907892224,2016-02-19 20:30:24,2016-02-19 15:30:24,15,NA,1,0,1
700787183872057344,2016-02-19 21:00:59,2016-02-19 16:00:59,16,3,1,1,0
701558980682891264,2016-02-22 00:07:49,2016-02-21 19:07:49,19,2,3,0,3
701842514760724480,2016-02-22 18:54:29,2016-02-22 13:54:29,13,2,2,0,2
701940652339122176,2016-02-23 01:24:27,2016-02-22 20:24:27,20,2.5,3,0,3
701941907052634112,2016-02-23 01:29:26,2016-02-22 20:29:26,20,3,2,0,2
701943239054532608,2016-02-23 01:34:44,2016-02-22 20:34:44,20,2.5,3,0,3
701944029315923968,2016-02-23 01:37:52,2016-02-22 20:37:52,20,2,1,0,1
701945579333513216,2016-02-23 01:44:02,2016-02-22 20:44:02,20,2,1,0,1
701977550315098112,2016-02-23 03:51:04,2016-02-22 22:51:04,22,1.66666666666667,2,0,2
701999802033111040,2016-02-23 05:19:29,2016-02-23 00:19:29,0,2,1,0,1
702172591813857280,2016-02-23 16:46:06,2016-02-23 11:46:06,11,1,NA,NA,NA
702268900562448384,2016-02-23 23:08:48,2016-02-23 18:08:48,18,-0.333333333333333,0,1,-1
702270277560852480,2016-02-23 23:14:16,2016-02-23 18:14:16,18,2,1,0,1
702311041762332672,2016-02-24 01:56:15,2016-02-23 20:56:15,20,2,1,0,1
702367612232142848,2016-02-24 05:41:02,2016-02-24 00:41:02,0,2,3,0,3
702378896621236224,2016-02-24 06:25:53,2016-02-24 01:25:53,1,2,1,0,1
702560558269202432,2016-02-24 18:27:44,2016-02-24 13:27:44,13,-2.5,1,1,0
702561529447763968,2016-02-24 18:31:36,2016-02-24 13:31:36,13,3,1,0,1
702706412980453376,2016-02-25 04:07:19,2016-02-24 23:07:19,23,2.5,2,0,2
702891487776866304,2016-02-25 16:22:44,2016-02-25 11:22:44,11,2.5,2,0,2
702894623761498112,2016-02-25 16:35:12,2016-02-25 11:35:12,11,-3,0,1,-1
702896239520645120,2016-02-25 16:41:37,2016-02-25 11:41:37,11,3,1,0,1
702897056181055488,2016-02-25 16:44:52,2016-02-25 11:44:52,11,4,1,1,0
702911293813080064,2016-02-25 17:41:26,2016-02-25 12:41:26,12,1,NA,NA,NA
702913398154125312,2016-02-25 17:49:48,2016-02-25 12:49:48,12,2,1,0,1
702930575083106304,2016-02-25 18:58:03,2016-02-25 13:58:03,13,1.66666666666667,2,1,1
702980499388669952,2016-02-25 22:16:26,2016-02-25 17:16:26,17,2,1,0,1
703092155577831424,2016-02-26 05:40:07,2016-02-26 00:40:07,0,-0.666666666666667,1,2,-1
703095453496188928,2016-02-26 05:53:13,2016-02-26 00:53:13,0,2.5,2,0,2
703109705900535808,2016-02-26 06:49:51,2016-02-26 01:49:51,1,2,1,0,1
703110934869336064,2016-02-26 06:54:44,2016-02-26 01:54:44,1,2.66666666666667,4,0,4
703111149764489216,2016-02-26 06:55:35,2016-02-26 01:55:35,1,2,2,0,2
703251956198875136,2016-02-26 16:15:06,2016-02-26 11:15:06,11,0,1,2,-1
703252241487036416,2016-02-26 16:16:14,2016-02-26 11:16:14,11,2,1,0,1
703252552641478656,2016-02-26 16:17:29,2016-02-26 11:17:29,11,3,4,0,4
703257866820415488,2016-02-26 16:38:36,2016-02-26 11:38:36,11,-1.5,0,3,-3
703321647701307392,2016-02-26 20:52:02,2016-02-26 15:52:02,15,2,1,0,1
703325481265815552,2016-02-26 21:07:16,2016-02-26 16:07:16,16,2,2,0,2
703332298821775360,2016-02-26 21:34:21,2016-02-26 16:34:21,16,2.33333333333333,2,0,2
703444081251254272,2016-02-27 04:58:32,2016-02-26 23:58:32,23,2.5,1,0,1
703446072216014848,2016-02-27 05:06:27,2016-02-27 00:06:27,0,2,1,0,1
703711236865720320,2016-02-27 22:40:07,2016-02-27 17:40:07,17,2.5,3,0,3
703715567765737472,2016-02-27 22:57:20,2016-02-27 17:57:20,17,2,2,0,2
703764924288409600,2016-02-28 02:13:27,2016-02-27 21:13:27,21,2,3,0,3
703777173296046080,2016-02-28 03:02:08,2016-02-27 22:02:08,22,-1,0,1,-1
703996959544250368,2016-02-28 17:35:29,2016-02-28 12:35:29,12,NA,0,1,-1
704000708236996608,2016-02-28 17:50:23,2016-02-28 12:50:23,12,-1,NA,NA,NA
704014599708876800,2016-02-28 18:45:35,2016-02-28 13:45:35,13,-1,NA,NA,NA
704019808363352064,2016-02-28 19:06:17,2016-02-28 14:06:17,14,-2.66666666666667,0,4,-4
704023054813433856,2016-02-28 19:19:11,2016-02-28 14:19:11,14,2,1,1,0
704026393865265152,2016-02-28 19:32:27,2016-02-28 14:32:27,14,-3,NA,NA,NA
704062727082385408,2016-02-28 21:56:49,2016-02-28 16:56:49,16,1,NA,NA,NA
704064261413273600,2016-02-28 22:02:55,2016-02-28 17:02:55,17,2,1,0,1
704100078743625728,2016-02-29 00:25:14,2016-02-28 19:25:14,19,2,2,0,2
704111284095225856,2016-02-29 01:09:46,2016-02-28 20:09:46,20,2,1,0,1
704285794643668992,2016-02-29 12:43:13,2016-02-29 07:43:13,7,2,1,0,1
704312346706124800,2016-02-29 14:28:43,2016-02-29 09:28:43,9,1,NA,NA,NA
704324651384762368,2016-02-29 15:17:37,2016-02-29 10:17:37,10,NA,1,1,0
704332561296855040,2016-02-29 15:49:03,2016-02-29 10:49:03,10,NA,1,0,1
704342660933427200,2016-02-29 16:29:11,2016-02-29 11:29:11,11,1.08604206500956,1011,1402,-391
783484550861037568,2016-10-05 01:50:48,2016-10-04 21:50:48,21,2,2,0,2
783485391084978176,2016-10-05 01:54:08,2016-10-04 21:54:08,21,NA,1,0,1
783488370110451712,2016-10-05 02:05:58,2016-10-04 22:05:58,22,-2,0,1,-1
783489376651137024,2016-10-05 02:09:58,2016-10-04 22:09:58,22,-1,NA,NA,NA
783489985718517760,2016-10-05 02:12:23,2016-10-04 22:12:23,22,-2,1,1,0
783490308818337792,2016-10-05 02:13:40,2016-10-04 22:13:40,22,-2,0,1,-1
783490731964981248,2016-10-05 02:15:21,2016-10-04 22:15:21,22,NA,1,0,1
783491875885813760,2016-10-05 02:19:54,2016-10-04 22:19:54,22,-2,0,1,-1
783492506319069184,2016-10-05 02:22:24,2016-10-04 22:22:24,22,-2,0,2,-2
783493582803972096,2016-10-05 02:26:41,2016-10-04 22:26:41,22,0.333333333333333,1,1,0
783738595987169280,2016-10-05 18:40:17,2016-10-05 14:40:17,14,2.5,2,0,2
783741835420110848,2016-10-05 18:53:09,2016-10-05 14:53:09,14,1.5,1,0,1
783776670339641344,2016-10-05 21:11:34,2016-10-05 17:11:34,17,2,2,0,2
783778741646270464,2016-10-05 21:19:48,2016-10-05 17:19:48,17,0,2,1,1
783779512425119744,2016-10-05 21:22:52,2016-10-05 17:22:52,17,1.4,3,2,1
783789606663778304,2016-10-05 22:02:58,2016-10-05 18:02:58,18,NA,1,0,1
783803924050350080,2016-10-05 22:59:52,2016-10-05 18:59:52,18,2,1,0,1
783808918824681472,2016-10-05 23:19:43,2016-10-05 19:19:43,19,2,1,0,1
783838014363623424,2016-10-06 01:15:20,2016-10-05 21:15:20,21,3,2,0,2
783842408949841920,2016-10-06 01:32:48,2016-10-05 21:32:48,21,2.5,2,0,2
783847514088824832,2016-10-06 01:53:05,2016-10-05 21:53:05,21,2,1,0,1
783880036172623872,2016-10-06 04:02:19,2016-10-06 00:02:19,0,1,NA,NA,NA
783881566510546944,2016-10-06 04:08:23,2016-10-06 00:08:23,0,2,2,0,2
783885674575491072,2016-10-06 04:24:43,2016-10-06 00:24:43,0,1.5,NA,NA,NA
784132532073881600,2016-10-06 20:45:38,2016-10-06 16:45:38,16,NA,1,0,1
784133078969090048,2016-10-06 20:47:49,2016-10-06 16:47:49,16,NA,1,0,1
784150639689490432,2016-10-06 21:57:35,2016-10-06 17:57:35,17,2,1,0,1
784216198259085312,2016-10-07 02:18:06,2016-10-06 22:18:06,22,NA,1,0,1
785106800572063744,2016-10-09 13:17:02,2016-10-09 09:17:02,9,2,0,1,-1
785148463868735488,2016-10-09 16:02:35,2016-10-09 12:02:35,12,NA,2,0,2
785167148150820864,2016-10-09 17:16:50,2016-10-09 13:16:50,13,0.333333333333333,NA,NA,NA
785245066881216512,2016-10-09 22:26:27,2016-10-09 18:26:27,18,-2,0,3,-3
785290517835841536,2016-10-10 01:27:04,2016-10-09 21:27:04,21,3,2,1,1
785298212513021952,2016-10-10 01:57:38,2016-10-09 21:57:38,21,0,NA,NA,NA
785306782033907712,2016-10-10 02:31:41,2016-10-09 22:31:41,22,2,1,1,0
785323809062653952,2016-10-10 03:39:21,2016-10-09 23:39:21,23,2,1,0,1
785559022082658304,2016-10-10 19:14:00,2016-10-10 15:14:00,15,-2.66666666666667,1,3,-2
785561269571026944,2016-10-10 19:22:56,2016-10-10 15:22:56,15,2.5,2,0,2
785608815962099712,2016-10-10 22:31:52,2016-10-10 18:31:52,18,-3,0,1,-1
785654535234531328,2016-10-11 01:33:32,2016-10-10 21:33:32,21,2,2,0,2
785816454042124288,2016-10-11 12:16:57,2016-10-11 08:16:57,8,1.66666666666667,3,1,2
785842546878578688,2016-10-11 14:00:38,2016-10-11 10:00:38,10,1,1,0,1
785854588654092288,2016-10-11 14:48:29,2016-10-11 10:48:29,10,1.5,1,3,-2
785863826361184256,2016-10-11 15:25:11,2016-10-11 11:25:11,11,1.5,1,1,0
785898532645502976,2016-10-11 17:43:06,2016-10-11 13:43:06,13,0.5,0,2,-2
785910334427058176,2016-10-11 18:29:59,2016-10-11 14:29:59,14,-1,0,1,-1
785913754194104320,2016-10-11 18:43:35,2016-10-11 14:43:35,14,-2,0,1,-1
785957064480653312,2016-10-11 21:35:41,2016-10-11 17:35:41,17,2,1,0,1
786007502639038464,2016-10-12 00:56:06,2016-10-11 20:56:06,20,1,NA,NA,NA
786054986534969344,2016-10-12 04:04:47,2016-10-12 00:04:47,0,2,1,0,1
786201435486781440,2016-10-12 13:46:43,2016-10-12 09:46:43,9,-1.66666666666667,1,2,-1
786204978629185536,2016-10-12 14:00:48,2016-10-12 10:00:48,10,-1,NA,NA,NA
786285509668696064,2016-10-12 19:20:48,2016-10-12 15:20:48,15,-0.5,2,2,0
786340623804751872,2016-10-12 22:59:48,2016-10-12 18:59:48,18,1,NA,NA,NA
786565208663785472,2016-10-13 13:52:14,2016-10-13 09:52:14,9,1,NA,NA,NA
786589172911964160,2016-10-13 15:27:27,2016-10-13 11:27:27,11,2,1,0,1
786658827429154816,2016-10-13 20:04:14,2016-10-13 16:04:14,16,3,1,0,1
786691718062235648,2016-10-13 22:14:56,2016-10-13 18:14:56,18,2.66666666666667,3,0,3
786700864752914432,2016-10-13 22:51:17,2016-10-13 18:51:17,18,-0.333333333333333,2,1,1
786710113163812864,2016-10-13 23:28:02,2016-10-13 19:28:02,19,1,NA,NA,NA
786716631644897280,2016-10-13 23:53:56,2016-10-13 19:53:56,19,1,NA,NA,NA
786737820669009920,2016-10-14 01:18:07,2016-10-13 21:18:07,21,0.666666666666667,2,0,2
786950598826532864,2016-10-14 15:23:38,2016-10-14 11:23:38,11,-1,0,1,-1
787012170630455296,2016-10-14 19:28:18,2016-10-14 15:28:18,15,1,2,0,2
787099202291634176,2016-10-15 01:14:08,2016-10-14 21:14:08,21,3,3,0,3
787127225581707264,2016-10-15 03:05:29,2016-10-14 23:05:29,23,2,1,0,1
787266044213723136,2016-10-15 12:17:06,2016-10-15 08:17:06,8,1,NA,NA,NA
787316515632713728,2016-10-15 15:37:39,2016-10-15 11:37:39,11,-1,1,1,0
787320326573228032,2016-10-15 15:52:48,2016-10-15 11:52:48,11,3,1,0,1
787320961934688256,2016-10-15 15:55:19,2016-10-15 11:55:19,11,-2,0,1,-1
787355131062943744,2016-10-15 18:11:06,2016-10-15 14:11:06,14,1.5,1,0,1
787430717387055104,2016-10-15 23:11:27,2016-10-15 19:11:27,19,2,3,0,3
787443829146353664,2016-10-16 00:03:33,2016-10-15 20:03:33,20,2,1,0,1
787642321072513024,2016-10-16 13:12:17,2016-10-16 09:12:17,9,-1.25,1,4,-3
787643017234636800,2016-10-16 13:15:03,2016-10-16 09:15:03,9,NA,0,3,-3
787686322001612800,2016-10-16 16:07:08,2016-10-16 12:07:08,12,-1,1,2,-1
787686533209939968,2016-10-16 16:07:58,2016-10-16 12:07:58,12,-1,NA,NA,NA
787736416671367168,2016-10-16 19:26:11,2016-10-16 15:26:11,15,0.269662921348315,96,246,-150
791648893725450240,2016-10-27 14:32:59,2016-10-27 10:32:59,10,1,NA,NA,NA
791651860889427968,2016-10-27 14:44:46,2016-10-27 10:44:46,10,1,NA,NA,NA
791653174994202624,2016-10-27 14:49:59,2016-10-27 10:49:59,10,-1,NA,NA,NA
791697302519947264,2016-10-27 17:45:20,2016-10-27 13:45:20,13,1,NA,NA,NA
791722658358439936,2016-10-27 19:26:05,2016-10-27 15:26:05,15,2,1,0,1
791738173462310912,2016-10-27 20:27:44,2016-10-27 16:27:44,16,1,NA,NA,NA
791746832686682112,2016-10-27 21:02:09,2016-10-27 17:02:09,17,1,NA,NA,NA
791748254991912960,2016-10-27 21:07:48,2016-10-27 17:07:48,17,1,NA,NA,NA
791762650195632128,2016-10-27 22:05:00,2016-10-27 18:05:00,18,2,2,0,2
791795308162408448,2016-10-28 00:14:46,2016-10-27 20:14:46,20,1,NA,NA,NA
791818552600821760,2016-10-28 01:47:08,2016-10-27 21:47:08,21,2,1,1,0
792027901126406144,2016-10-28 15:39:01,2016-10-28 11:39:01,11,1,NA,NA,NA
792031499075944448,2016-10-28 15:53:19,2016-10-28 11:53:19,11,-2.5,1,1,0
792054354991800320,2016-10-28 17:24:08,2016-10-28 13:24:08,13,0.5,1,1,0
792083605405171712,2016-10-28 19:20:22,2016-10-28 15:20:22,15,-3,0,1,-1
792215485941186560,2016-10-29 04:04:25,2016-10-29 00:04:25,0,2,1,0,1
792217215114342400,2016-10-29 04:11:17,2016-10-29 00:11:17,0,1,NA,NA,NA
792455164615544832,2016-10-29 19:56:49,2016-10-29 15:56:49,15,-1,1,1,0
792456539151806464,2016-10-29 20:02:16,2016-10-29 16:02:16,16,2.66666666666667,5,0,5
792537371291987968,2016-10-30 01:23:28,2016-10-29 21:23:28,21,2,3,0,3
792540629548933120,2016-10-30 01:36:25,2016-10-29 21:36:25,21,2,1,0,1
792787872789045248,2016-10-30 17:58:52,2016-10-30 13:58:52,13,3,1,0,1
792804645542305792,2016-10-30 19:05:31,2016-10-30 15:05:31,15,2.5,2,0,2
792868471734345728,2016-10-30 23:19:09,2016-10-30 19:19:09,19,1.5,2,1,1
792922071437287424,2016-10-31 02:52:08,2016-10-30 22:52:08,22,2.5,2,0,2
792939101494337536,2016-10-31 03:59:48,2016-10-30 23:59:48,23,2,1,0,1
793120426541056000,2016-10-31 16:00:19,2016-10-31 12:00:19,12,2,NA,NA,NA
793129964476436480,2016-10-31 16:38:13,2016-10-31 12:38:13,12,3.5,3,0,3
793165820889358336,2016-10-31 19:00:42,2016-10-31 15:00:42,15,2.5,2,0,2
793193310219272192,2016-10-31 20:49:56,2016-10-31 16:49:56,16,2.5,1,1,0
793446442031575040,2016-11-01 13:35:47,2016-11-01 09:35:47,9,1,NA,NA,NA
793456094198759424,2016-11-01 14:14:09,2016-11-01 10:14:09,10,-3,0,2,-2
793524189240188928,2016-11-01 18:44:44,2016-11-01 14:44:44,14,3,2,0,2
793562183573442560,2016-11-01 21:15:42,2016-11-01 17:15:42,17,2,1,0,1
793562498100178944,2016-11-01 21:16:57,2016-11-01 17:16:57,17,1,2,0,2
793563282854383616,2016-11-01 21:20:04,2016-11-01 17:20:04,17,0,1,0,1
793565506431168512,2016-11-01 21:28:55,2016-11-01 17:28:55,17,-2,0,1,-1
793572802729086976,2016-11-01 21:57:54,2016-11-01 17:57:54,17,-1,0,1,-1
793659710054498304,2016-11-02 03:43:15,2016-11-01 23:43:15,23,1,NA,NA,NA
793824247168765952,2016-11-02 14:37:03,2016-11-02 10:37:03,10,0,1,2,-1
793864122987323392,2016-11-02 17:15:30,2016-11-02 13:15:30,13,3.25,4,0,4
793889694064967680,2016-11-02 18:57:07,2016-11-02 14:57:07,14,1.66666666666667,2,0,2
793890059510505472,2016-11-02 18:58:34,2016-11-02 14:58:34,14,-1,0,1,-1
793892802040041472,2016-11-02 19:09:28,2016-11-02 15:09:28,15,-3,0,4,-4
793928267250171904,2016-11-02 21:30:24,2016-11-02 17:30:24,17,1,1,0,1
794025263604625408,2016-11-03 03:55:49,2016-11-02 23:55:49,23,2,3,0,3
794197242471124992,2016-11-03 15:19:12,2016-11-03 11:19:12,11,NA,1,0,1
794259252613414912,2016-11-03 19:25:37,2016-11-03 15:25:37,15,2.66666666666667,3,0,3
794281211963338752,2016-11-03 20:52:52,2016-11-03 16:52:52,16,3,2,0,2
794281898570825728,2016-11-03 20:55:36,2016-11-03 16:55:36,16,NA,0,1,-1
794290058685661184,2016-11-03 21:28:01,2016-11-03 17:28:01,17,1,NA,NA,NA
794367345359732736,2016-11-04 02:35:08,2016-11-03 22:35:08,22,0.571428571428571,2,0,2
794562979652128768,2016-11-04 15:32:31,2016-11-04 11:32:31,11,1,NA,NA,NA
794574267878928384,2016-11-04 16:17:22,2016-11-04 12:17:22,12,2,NA,NA,NA
794611850499489792,2016-11-04 18:46:42,2016-11-04 14:46:42,14,-0.6,1,2,-1
794614251709169664,2016-11-04 18:56:15,2016-11-04 14:56:15,14,-2.5,0,1,-1
794617042888491008,2016-11-04 19:07:20,2016-11-04 15:07:20,15,0.666666666666667,3,1,2
794638650382368768,2016-11-04 20:33:12,2016-11-04 16:33:12,16,1,NA,NA,NA
794679364289986560,2016-11-04 23:14:59,2016-11-04 19:14:59,19,1.66666666666667,1,0,1
794683513853382656,2016-11-04 23:31:28,2016-11-04 19:31:28,19,1,2,1,1
794688416663437312,2016-11-04 23:50:57,2016-11-04 19:50:57,19,1,NA,NA,NA
794690094594740224,2016-11-04 23:57:37,2016-11-04 19:57:37,19,1,NA,NA,NA
794734211559292928,2016-11-05 02:52:56,2016-11-04 22:52:56,22,2,1,0,1
794943632176451584,2016-11-05 16:45:05,2016-11-05 12:45:05,12,1,NA,NA,NA
794994280829952000,2016-11-05 20:06:21,2016-11-05 16:06:21,16,2,3,0,3
794996097370427392,2016-11-05 20:13:34,2016-11-05 16:13:34,16,2,1,0,1
795014711716757504,2016-11-05 21:27:32,2016-11-05 17:27:32,17,2,2,0,2
795017350688935936,2016-11-05 21:38:01,2016-11-05 17:38:01,17,NA,0,1,-1
795017781423067136,2016-11-05 21:39:44,2016-11-05 17:39:44,17,0.666666666666667,1,1,0
795057936565313536,2016-11-06 00:19:18,2016-11-05 20:19:18,20,1,NA,NA,NA
795058179168055296,2016-11-06 00:20:16,2016-11-05 20:20:16,20,1,NA,NA,NA
795084117192810496,2016-11-06 02:03:20,2016-11-05 22:03:20,22,1.25,3,0,3
795145824586137600,2016-11-06 06:08:32,2016-11-06 01:08:32,1,2.66666666666667,3,0,3
795311315304714240,2016-11-06 17:06:08,2016-11-06 12:06:08,12,NA,0,1,-1
795346759119736832,2016-11-06 19:26:58,2016-11-06 14:26:58,14,2,1,0,1
795411058357837824,2016-11-06 23:42:28,2016-11-06 18:42:28,18,2,1,0,1
795417907476000768,2016-11-07 00:09:41,2016-11-06 19:09:41,19,2,2,0,2
795443728282505216,2016-11-07 01:52:18,2016-11-06 20:52:18,20,2,1,0,1
795479521520717824,2016-11-07 04:14:31,2016-11-06 23:14:31,23,2.8,5,0,5
795515037632921600,2016-11-07 06:35:39,2016-11-07 01:35:39,1,2,2,0,2
795674761309417472,2016-11-07 17:10:20,2016-11-07 12:10:20,12,2.5,2,0,2
795733366842806272,2016-11-07 21:03:13,2016-11-07 16:03:13,16,2.75,4,0,4
795740720388866048,2016-11-07 21:32:26,2016-11-07 16:32:26,16,NA,1,0,1
795741423756840960,2016-11-07 21:35:14,2016-11-07 16:35:14,16,2,2,0,2
795741975022604288,2016-11-07 21:37:25,2016-11-07 16:37:25,16,-0.5,1,3,-2
795753162623815680,2016-11-07 22:21:53,2016-11-07 17:21:53,17,2,2,2,0
795779987152523264,2016-11-08 00:08:28,2016-11-07 19:08:28,19,2,1,0,1
795781945607278592,2016-11-08 00:16:15,2016-11-07 19:16:15,19,-1,0,1,-1
795782371895349248,2016-11-08 00:17:57,2016-11-07 19:17:57,19,1.66666666666667,1,0,1
795834203430645760,2016-11-08 03:43:54,2016-11-07 22:43:54,22,1.33333333333333,2,1,1
795879172795203584,2016-11-08 06:42:36,2016-11-08 01:42:36,1,3.25,4,0,4
796797436752707584,2016-11-10 19:31:27,2016-11-10 14:31:27,14,2.5,2,0,2
797098212599496704,2016-11-11 15:26:37,2016-11-11 10:26:37,10,NA,1,0,1
797873313561198592,2016-11-13 18:46:36,2016-11-13 13:46:36,13,2.66666666666667,2,0,2
801057215226544128,2016-11-22 13:38:17,2016-11-22 08:38:17,8,3,1,0,1
801610648010575872,2016-11-24 02:17:26,2016-11-23 21:17:26,21,2.5,2,1,1
803704881278230528,2016-11-29 20:59:10,2016-11-29 15:59:10,15,NA,1,0,1
803744769566339072,2016-11-29 23:37:40,2016-11-29 18:37:40,18,NA,1,0,1
803982850081099776,2016-11-30 15:23:43,2016-11-30 10:23:43,10,2,3,0,3
803997374016167936,2016-11-30 16:21:26,2016-11-30 11:21:26,11,NA,1,0,1
804052438546317312,2016-11-30 20:00:14,2016-11-30 15:00:14,15,2,2,0,2
804333718999539712,2016-12-01 14:37:57,2016-12-01 09:37:57,9,-0.25,1,1,0
804458095569158144,2016-12-01 22:52:10,2016-12-01 17:52:10,17,1,NA,NA,NA
804516764562374656,2016-12-02 02:45:18,2016-12-01 21:45:18,21,3,3,0,3
805127720749383680,2016-12-03 19:13:01,2016-12-03 14:13:01,14,2.5,1,0,1
805772007220645888,2016-12-05 13:53:11,2016-12-05 08:53:11,8,5,1,0,1
806177746397306880,2016-12-06 16:45:27,2016-12-06 11:45:27,11,1,NA,NA,NA
806246271405162496,2016-12-06 21:17:45,2016-12-06 16:17:45,16,-3,0,1,-1
806340792247795712,2016-12-07 03:33:20,2016-12-06 22:33:20,22,2.5,2,0,2
806568460620857344,2016-12-07 18:38:00,2016-12-07 13:38:00,13,2,NA,NA,NA
806583438748815360,2016-12-07 19:37:32,2016-12-07 14:37:32,14,1,0,1,-1
806970576359325696,2016-12-08 21:15:52,2016-12-08 16:15:52,16,0.4,2,2,0
806995622117122048,2016-12-08 22:55:24,2016-12-08 17:55:24,17,1,NA,NA,NA
806999846674698240,2016-12-08 23:12:11,2016-12-08 18:12:11,18,2,1,0,1
807057700857188352,2016-12-09 03:02:04,2016-12-08 22:02:04,22,2,1,0,1
807309464705630208,2016-12-09 19:42:30,2016-12-09 14:42:30,14,1,NA,NA,NA
807347429062443008,2016-12-09 22:13:21,2016-12-09 17:13:21,17,2,1,0,1
807427326522884096,2016-12-10 03:30:50,2016-12-09 22:30:50,22,2.5,2,0,2
807588632877998080,2016-12-10 14:11:49,2016-12-10 09:11:49,9,-3,0,3,-3
807589280071684096,2016-12-10 14:14:23,2016-12-10 09:14:23,9,2,1,1,0
807663477322027008,2016-12-10 19:09:13,2016-12-10 14:09:13,14,2,NA,NA,NA
808787048144453632,2016-12-13 21:33:53,2016-12-13 16:33:53,16,1,NA,NA,NA
808881429715316736,2016-12-14 03:48:55,2016-12-13 22:48:55,22,2,2,0,2
809403760099422208,2016-12-15 14:24:29,2016-12-15 09:24:29,9,-2.5,0,2,-2
809525257371578368,2016-12-15 22:27:16,2016-12-15 17:27:16,17,1,NA,NA,NA
809571983428120576,2016-12-16 01:32:56,2016-12-15 20:32:56,20,2.5,2,0,2
809969373754654720,2016-12-17 03:52:01,2016-12-16 22:52:01,22,2,1,0,1
810121703288410112,2016-12-17 13:57:20,2016-12-17 08:57:20,8,-0.5,0,1,-1
810276411177107456,2016-12-18 00:12:05,2016-12-17 19:12:05,19,3,2,0,2
811039925571354624,2016-12-20 02:46:01,2016-12-19 21:46:01,21,2,2,0,2
811041034323054592,2016-12-20 02:50:25,2016-12-19 21:50:25,21,1.5,1,0,1
811928543366148096,2016-12-22 13:37:04,2016-12-22 08:37:04,8,1,NA,NA,NA
812775995837218816,2016-12-24 21:44:32,2016-12-24 16:44:32,16,3,1,0,1
813527932165558272,2016-12-26 23:32:28,2016-12-26 18:32:28,18,0.5,1,1,0
814231064847728640,2016-12-28 22:06:28,2016-12-28 17:06:28,17,2,1,0,1
814920722208296960,2016-12-30 19:46:55,2016-12-30 14:46:55,14,1,1,0,1
815270850916208640,2016-12-31 18:58:12,2016-12-31 13:58:12,13,3,1,0,1
